<?xml version="1.0"?>
<doc>
    <assembly>
        <name>GravatarHelper</name>
    </assembly>
    <members>
        <member name="T:GravatarHelper.Extensions.HtmlHelperExtensions">
            <summary>
            Gravatar HtmlHelper extension methods.
            </summary>
        </member>
        <member name="M:GravatarHelper.Extensions.HtmlHelperExtensions.Gravatar(System.Web.Mvc.HtmlHelper,System.String,System.Int32)">
            <summary>
            Returns a Gravatar img tag for the provided parameters.
            </summary>
            <param name="helper">HtmlHelper.</param>
            <param name="email">Email address to generate the Gravatar for.</param>
            <param name="imageSize">Gravatar size in pixels.</param>
            <returns></returns>
        </member>
        <member name="M:GravatarHelper.Extensions.HtmlHelperExtensions.Gravatar(System.Web.Mvc.HtmlHelper,System.String,System.Int32,System.String)">
            <summary>
            Returns a Gravatar img tag for the provided parameters.
            </summary>
            <param name="helper">HtmlHelper.</param>
            <param name="email">Email address to generate the Gravatar for.</param>
            <param name="imageSize">Gravatar size in pixels.</param>
            <param name="defaultImage">The default image to use if the user does not have a Gravatar setup,
            						   can either be a url to an image or one of the DefaultImage* constants</param>
            <returns></returns>
        </member>
        <member name="M:GravatarHelper.Extensions.HtmlHelperExtensions.Gravatar(System.Web.Mvc.HtmlHelper,System.String,System.Int32,System.Object)">
            <summary>
            Returns a Gravatar img tag for the provided parameters.
            </summary>
            <param name="helper">HtmlHelper.</param>
            <param name="email">Email address to generate the Gravatar for.</param>
            <param name="imageSize">Gravatar size in pixels.</param>
            <param name="htmlAttributes">Object containing the HTML attributes to set for the img element.</param>
            <returns></returns>
        </member>
        <member name="M:GravatarHelper.Extensions.HtmlHelperExtensions.Gravatar(System.Web.Mvc.HtmlHelper,System.String,System.Int32,System.Collections.Generic.IDictionary{System.String,System.Object})">
            <summary>
            Returns a Gravatar img tag for the provided parameters.
            </summary>
            <param name="helper">HtmlHelper.</param>
            <param name="email">Email address to generate the Gravatar for.</param>
            <param name="imageSize">Gravatar size in pixels.</param>
            <param name="htmlAttributes">Object containing the HTML attributes to set for the img element.</param>
            <returns></returns>
        </member>
        <member name="M:GravatarHelper.Extensions.HtmlHelperExtensions.Gravatar(System.Web.Mvc.HtmlHelper,System.String,System.Int32,System.String,System.Object)">
            <summary>
            Returns a Gravatar img tag for the provided parameters.
            </summary>
            <param name="helper">HtmlHelper.</param>
            <param name="email">Email address to generate the Gravatar for.</param>
            <param name="imageSize">Gravatar size in pixels.</param>
            <param name="defaultImage">The default image to use if the user does not have a Gravatar setup,
            						   can either be a url to an image or one of the DefaultImage* constants</param>
            <param name="htmlAttributes">Object containing the HTML attributes to set for the img element.</param>
            <returns></returns>
        </member>
        <member name="M:GravatarHelper.Extensions.HtmlHelperExtensions.Gravatar(System.Web.Mvc.HtmlHelper,System.String,System.Int32,System.String,System.Nullable{GravatarHelper.GravatarRating},System.Object)">
            <summary>
            Returns a Gravatar img tag for the provided parameters.
            </summary>
            <param name="helper">HtmlHelper.</param>
            <param name="email">Email address to generate the Gravatar for.</param>
            <param name="imageSize">Gravatar size in pixels.</param>
            <param name="defaultImage">The default image to use if the user does not have a Gravatar setup,
            						   can either be a url to an image or one of the DefaultImage* constants</param>
            <param name="rating">The content rating of the images to display.</param>
            <param name="htmlAttributes">Object containing the HTML attributes to set for the img element.</param>
            <returns></returns>
        </member>
        <member name="M:GravatarHelper.Extensions.HtmlHelperExtensions.Gravatar(System.Web.Mvc.HtmlHelper,System.String,System.Int32,System.String,System.Nullable{GravatarHelper.GravatarRating},System.Collections.Generic.IDictionary{System.String,System.Object})">
            <summary>
            Returns a Gravatar img tag for the provided parameters.
            </summary>
            <param name="helper">HtmlHelper.</param>
            <param name="email">Email address to generate the Gravatar for.</param>
            <param name="imageSize">Gravatar size in pixels.</param>
            <param name="defaultImage">The default image to use if the user does not have a Gravatar setup,
            						   can either be a url to an image or one of the DefaultImage* constants</param>
            <param name="rating">The content rating of the images to display.</param>
            <param name="htmlAttributes">Object containing the HTML attributes to set for the img element.</param>
            <returns></returns>
        </member>
        <member name="M:GravatarHelper.Extensions.HtmlHelperExtensions.Gravatar(System.Web.Mvc.HtmlHelper,System.String,System.Int32,System.String,System.Nullable{GravatarHelper.GravatarRating},System.Boolean,System.Boolean,System.Object)">
            <summary>
            Returns a Gravatar img tag for the provided parameters.
            </summary>
            <param name="helper">HtmlHelper.</param>
            <param name="email">Email address to generate the Gravatar for.</param>
            <param name="imageSize">Gravatar size in pixels.</param>
            <param name="defaultImage">The default image to use if the user does not have a Gravatar setup,
            						   can either be a url to an image or one of the DefaultImage* constants</param>
            <param name="rating">The content rating of the images to display.</param>
            <param name="addExtension">Whether to add the .jpg extension to the provided Gravatar.</param>
            <param name="forceDefault">Forces Gravatar to always serve the default image.</param>
            <param name="htmlAttributes">Object containing the HTML attributes to set for the img element.</param>
            <returns></returns>
        </member>
        <member name="M:GravatarHelper.Extensions.HtmlHelperExtensions.Gravatar(System.Web.Mvc.HtmlHelper,System.String,System.Int32,System.String,System.Nullable{GravatarHelper.GravatarRating},System.Boolean,System.Boolean,System.Collections.Generic.IDictionary{System.String,System.Object})">
            <summary>
            Returns a Gravatar img tag for the provided parameters.
            </summary>
            <param name="helper">HtmlHelper.</param>
            <param name="email">Email address to generate the Gravatar for.</param>
            <param name="imageSize">Gravatar size in pixels.</param>
            <param name="defaultImage">The default image to use if the user does not have a Gravatar setup,
            						   can either be a url to an image or one of the DefaultImage* constants</param>
            <param name="rating">The content rating of the images to display.</param>
            <param name="addExtension">Whether to add the .jpg extension to the provided Gravatar.</param>
            <param name="forceDefault">Forces Gravatar to always serve the default image.</param>
            <param name="htmlAttributes">Object containing the HTML attributes to set for the img element.</param>
            <returns></returns>
        </member>
        <member name="T:GravatarHelper.Extensions.UrlHelperExtensions">
            <summary>
            Gravatar UrlHelper extension methods.
            </summary>
        </member>
        <member name="M:GravatarHelper.Extensions.UrlHelperExtensions.Gravatar(System.Web.Mvc.UrlHelper,System.String,System.Int32)">
            <summary>
            Returns the Gravatar URL for the provided parameters.
            </summary>
            <param name="helper">UrlHelper.</param>
            <param name="email">Email address to generate the Gravatar for.</param>
            <param name="imageSize">Gravatar size in pixels.</param>
            <returns></returns>
        </member>
        <member name="M:GravatarHelper.Extensions.UrlHelperExtensions.Gravatar(System.Web.Mvc.UrlHelper,System.String,System.Int32,System.String)">
            <summary>
            Returns the Gravatar URL for the provided parameters.
            </summary>
            <param name="helper">UrlHelper.</param>
            <param name="email">Email address to generate the Gravatar for.</param>
            <param name="imageSize">Gravatar size in pixels.</param>
            <param name="defaultImage">The default image to use if the user does not have a Gravatar setup,
            						   can either be a url to an image or one of the DefaultImage* constants</param>
            <returns></returns>
        </member>
        <member name="M:GravatarHelper.Extensions.UrlHelperExtensions.Gravatar(System.Web.Mvc.UrlHelper,System.String,System.Int32,System.String,System.Nullable{GravatarHelper.GravatarRating})">
            <summary>
            Returns the Gravatar URL for the provided parameters.
            </summary>
            <param name="helper">UrlHelper.</param>
            <param name="email">Email address to generate the Gravatar for.</param>
            <param name="imageSize">Gravatar size in pixels.</param>
            <param name="defaultImage">The default image to use if the user does not have a Gravatar setup,
            						   can either be a url to an image or one of the DefaultImage* constants</param>
            <param name="rating">The content rating of the images to display.</param>
            <returns></returns>
        </member>
        <member name="T:GravatarHelper.GravatarHelper">
            <summary>
            A simple ASP.NET MVC helper for Gravatar providing extension methods to HtmlHelper and UrlHelper.
            </summary>
        </member>
        <member name="F:GravatarHelper.GravatarHelper.DefaultImage404">
            <summary>
            404: do not load any image if none is associated with the email hash, instead return an HTTP 404 (File Not Found) response.
            </summary>
        </member>
        <member name="F:GravatarHelper.GravatarHelper.DefaultImageMysteryMan">
            <summary>
            mm: (mystery-man) a simple, cartoon-style silhouetted outline of a person (does not vary by email hash).
            </summary>
        </member>
        <member name="F:GravatarHelper.GravatarHelper.DefaultImageIdenticon">
            <summary>
            identicon: a geometric pattern based on an email hash.
            </summary>
        </member>
        <member name="F:GravatarHelper.GravatarHelper.DefaultImageMonsterId">
            <summary>
            monsterid: a generated 'monster' with different colors, faces, etc.
            </summary>
        </member>
        <member name="F:GravatarHelper.GravatarHelper.DefaultImageWavatar">
            <summary>
            wavatar: generated faces with differing features and backgrounds.
            </summary>
        </member>
        <member name="F:GravatarHelper.GravatarHelper.DefaultImageRetro">
            <summary>
            retro: awesome generated, 8-bit arcade-style pixelated faces.
            </summary>
        </member>
        <member name="F:GravatarHelper.GravatarHelper.MinImageSize">
            <summary>
            Minimum image size supported by gravatar. 
            </summary>
        </member>
        <member name="F:GravatarHelper.GravatarHelper.MaxImageSize">
            <summary>
            Maximum image size supported by gravatar.
            </summary>
        </member>
        <member name="F:GravatarHelper.GravatarHelper.GravatarUrl">
            <summary>
            Gravatar HTTP url. 
            </summary>
        </member>
        <member name="F:GravatarHelper.GravatarHelper.GravatarSecureUrl">
            <summary>
            Gravatar HTTPS url.
            </summary>
        </member>
        <member name="M:GravatarHelper.GravatarHelper.CreateGravatarImage(System.String,System.Int32,System.String,System.Nullable{GravatarHelper.GravatarRating},System.Nullable{System.Boolean},System.Nullable{System.Boolean},System.Collections.Generic.IDictionary{System.String,System.Object})">
            <summary>
            Returns the Gravatar URL for the provided parameters.
            </summary>
            <param name="email">Email address to generate the Gravatar for.</param>
            <param name="imageSize">Gravatar size in pixels.</param>
            <param name="defaultImage">The default image to use if the user does not have a Gravatar setup, 
            						   can either be a url to an image or one of the DefaultImage* constants</param>
            <param name="rating">The content rating of the images to display.</param>
            <param name="addExtension">Whether to add the .jpg extension to the provided Gravatar.</param>
            <param name="forceDefault">Forces Gravatar to always serve the default image.</param>
            <param name="htmlAttributes">Object containing the HTML attributes to set for the img element.</param>
            <returns></returns>
        </member>
        <member name="M:GravatarHelper.GravatarHelper.CreateGravatarUrl(System.String,System.Int32,System.String,System.Nullable{GravatarHelper.GravatarRating},System.Nullable{System.Boolean},System.Nullable{System.Boolean})">
            <summary>
            Returns the Gravatar URL for the provided parameters. 
            </summary>
            <param name="email">Email address to generate the Gravatar for.</param>
            <param name="imageSize">Gravatar size in pixels.</param>
            <param name="defaultImage">The default image to use if the user does not have a Gravatar setup, 
            						   can either be a url to an image or one of the DefaultImage* constants</param>
            <param name="rating">The content rating of the images to display.</param>
            <param name="addExtension">Whether to add the .jpg extension to the provided Gravatar.</param>
            <param name="forceDefault">Forces Gravatar to always serve the default image.</param>
            <returns></returns>
        </member>
        <member name="M:GravatarHelper.GravatarHelper.CreateGravatarHash(System.String)">
            <summary>
            Creates a gravatar hash.
            </summary>
            <param name="email">The email to create the hash for</param>
            <returns></returns>
        </member>
        <member name="T:GravatarHelper.GravatarRating">
            <summary>
            Enum specifying the possible age-ratings to limit our gravatar images to.
            </summary>
        </member>
        <member name="F:GravatarHelper.GravatarRating.G">
            <summary>
            Suitable for display on all websites with any audience type.
            </summary>
        </member>
        <member name="F:GravatarHelper.GravatarRating.PG">
            <summary>
            May contain rude gestures, provocatively dressed individuals, the lesser swear words, or mild violence.
            </summary>
        </member>
        <member name="F:GravatarHelper.GravatarRating.R">
            <summary>
            May contain such things as harsh profanity, intense violence, nudity, or hard drug use.
            </summary>
        </member>
        <member name="F:GravatarHelper.GravatarRating.X">
            <summary>
            May contain hardcore sexual imagery or extremely disturbing violence.
            </summary>
        </member>
    </members>
</doc>
